data_previsao,data_alvo,antecedencia_dias,tmax_prevista,tmin_prevista,chuva_prevista_mm,origem
2026-08-26,2026-08-31,5,37.3,25.7,0.0,arquivo
2026-08-27,2026-08-31,4,37.1,25.1,0.0,arquivo
2026-08-27,2026-09-01,5,36.5,25.4,0.0,arquivo
2026-08-28,2026-08-31,3,37.5,25.2,0.0,arquivo
2026-08-28,2026-09-01,4,36.2,24.7,0.0,arquivo
2026-08-28,2026-09-02,5,34.0,23.7,0.9,arquivo
2026-08-29,2026-08-31,2,37.1,25.4,0.0,arquivo
2026-08-29,2026-09-01,3,36.2,23.6,0.1,arquivo
2026-08-29,2026-09-02,4,33.6,22.6,0.3,arquivo
2026-08-29,2026-09-03,5,35.2,22.5,0.0,arquivo
2026-08-30,2026-08-31,1,37.3,25.6,0.0,arquivo
2026-08-30,2026-09-01,2,36.0,24.2,0.1,arquivo
2026-08-30,2026-09-02,3,32.9,20.9,1.0,arquivo
2026-08-30,2026-09-03,4,35.5,20.8,0.0,arquivo
2026-08-30,2026-09-04,5,36.6,23.3,0.0,arquivo
2026-08-31,2026-09-01,1,34.9,22.7,0.6,arquivo
2026-08-31,2026-09-02,2,31.9,21.0,0.1,arquivo
2026-08-31,2026-09-03,3,35.0,20.1,0.0,arquivo
2026-08-31,2026-09-04,4,35.7,22.8,0.0,arquivo
2026-08-31,2026-09-05,5,34.7,23.2,7.6,arquivo
2026-09-01,2026-09-02,1,32.2,20.5,0.7,arquivo
2026-09-01,2026-09-03,2,34.6,19.7,0.1,arquivo
2026-09-01,2026-09-04,3,34.9,21.7,0.0,arquivo
2026-09-01,2026-09-05,4,34.1,23.4,5.9,arquivo
2026-09-01,2026-09-06,5,29.1,20.4,15.9,arquivo
2026-09-02,2026-09-03,1,33.0,20.3,0.1,arquivo
2026-09-02,2026-09-04,2,34.8,22.7,0.0,arquivo
2026-09-02,2026-09-05,3,34.0,21.0,14.1,arquivo
2026-09-02,2026-09-06,4,29.0,20.4,21.4,arquivo
2026-09-02,2026-09-07,5,25.8,19.8,1.7,arquivo
2026-09-03,2026-09-04,1,34.3,22.3,0.0,arquivo
2026-09-03,2026-09-05,2,34.2,21.6,6.4,arquivo
2026-09-03,2026-09-06,3,31.6,20.7,12.3,arquivo
2026-09-03,2026-09-07,4,25.3,20.2,4.6,arquivo
2026-09-03,2026-09-08,5,30.1,18.7,12.1,arquivo
2026-09-04,2026-09-05,1,33.6,20.6,4.1,arquivo
2026-09-04,2026-09-06,2,31.4,20.4,17.1,arquivo
2026-09-04,2026-09-07,3,29.8,20.7,8.5,arquivo
2026-09-04,2026-09-08,4,30.2,19.2,6.9,arquivo
2026-09-04,2026-09-09,5,31.4,19.3,4.1,arquivo
2026-09-05,2026-09-06,1,29.3,20.1,16.0,arquivo
2026-09-05,2026-09-07,2,29.6,19.8,5.8,arquivo
2026-09-05,2026-09-08,3,30.0,19.3,12.2,arquivo
2026-09-05,2026-09-09,4,30.8,19.9,2.8,arquivo
2026-09-05,2026-09-10,5,31.4,19.0,3.2,arquivo
2026-09-06,2026-09-07,1,29.1,20.0,3.8,arquivo
2026-09-06,2026-09-08,2,30.1,19.4,20.5,arquivo
2026-09-06,2026-09-09,3,31.0,20.0,12.5,arquivo
2026-09-06,2026-09-10,4,31.6,19.8,2.8,arquivo
2026-09-06,2026-09-11,5,33.0,19.8,0.0,arquivo
2026-09-07,2026-09-08,1,30.4,20.6,7.2,arquivo
2026-09-07,2026-09-09,2,31.0,20.1,4.3,arquivo
2026-09-07,2026-09-10,3,30.9,19.8,1.2,arquivo
2026-09-07,2026-09-11,4,32.9,19.9,0.0,arquivo
2026-09-07,2026-09-12,5,34.5,18.4,0.0,arquivo
2026-09-08,2026-09-09,1,32.2,20.0,4.9,arquivo
2026-09-08,2026-09-10,2,32.5,19.8,1.7,arquivo
2026-09-08,2026-09-11,3,33.9,19.8,0.1,arquivo
2026-09-08,2026-09-12,4,35.2,21.1,0.0,arquivo
2026-09-08,2026-09-13,5,35.4,22.5,0.0,arquivo
2026-09-09,2026-09-10,1,33.2,19.9,5.8,arquivo
2026-09-09,2026-09-11,2,34.1,20.6,0.0,arquivo
2026-09-09,2026-09-12,3,34.8,20.6,0.0,arquivo
2026-09-09,2026-09-13,4,35.3,22.1,0.0,arquivo
2026-09-09,2026-09-14,5,35.4,22.7,0.0,arquivo
2026-09-10,2026-09-11,1,34.9,21.8,0.0,arquivo
2026-09-10,2026-09-12,2,36.1,21.7,0.0,arquivo
2026-09-10,2026-09-13,3,36.8,23.3,0.0,arquivo
2026-09-10,2026-09-14,4,34.8,22.8,0.0,arquivo
2026-09-10,2026-09-15,5,35.2,20.8,0.8,arquivo
2026-09-11,2026-09-12,1,36.7,22.6,0.0,arquivo
2026-09-11,2026-09-13,2,36.9,23.3,0.0,arquivo
2026-09-11,2026-09-14,3,34.6,22.9,0.0,arquivo
2026-09-11,2026-09-15,4,34.8,20.8,1.3,arquivo
2026-09-11,2026-09-16,5,34.1,21.1,0.0,arquivo
2026-09-12,2026-09-13,1,35.3,22.2,0.0,arquivo
2026-09-12,2026-09-14,2,35.3,22.2,0.0,arquivo
2026-09-12,2026-09-15,3,34.9,21.1,0.4,arquivo
2026-09-12,2026-09-16,4,34.0,20.9,0.0,arquivo
2026-09-12,2026-09-17,5,37.2,22.7,0.3,arquivo
2026-09-13,2026-09-14,1,35.0,21.8,0.0,arquivo
2026-09-13,2026-09-15,2,34.5,21.8,0.6,arquivo
2026-09-13,2026-09-16,3,34.7,20.8,0.0,arquivo
2026-09-13,2026-09-17,4,36.0,21.9,1.7,arquivo
2026-09-13,2026-09-18,5,34.5,21.9,0.3,arquivo
2026-09-14,2026-09-15,1,34.7,22.2,0.4,arquivo
2026-09-14,2026-09-16,2,34.5,21.2,0.0,arquivo
2026-09-14,2026-09-17,3,34.8,22.1,2.4,arquivo
2026-09-14,2026-09-18,4,34.7,22.5,0.2,arquivo
2026-09-14,2026-09-19,5,34.3,23.0,0.0,arquivo
2026-09-15,2026-09-16,1,34.9,21.2,0.0,arquivo
2026-09-15,2026-09-17,2,35.0,22.9,1.5,arquivo
2026-09-15,2026-09-18,3,34.4,22.1,0.7,arquivo
2026-09-15,2026-09-19,4,34.1,22.4,0.0,arquivo
2026-09-15,2026-09-20,5,35.6,24.4,0.0,arquivo
2026-09-16,2026-09-17,1,35.0,22.3,0.6,arquivo
2026-09-16,2026-09-18,2,34.8,22.2,0.0,arquivo
2026-09-16,2026-09-19,3,34.7,22.5,0.0,arquivo
2026-09-16,2026-09-20,4,36.4,24.2,0.0,arquivo
2026-09-17,2026-09-18,1,34.4,23.5,0.1,arquivo
2026-09-17,2026-09-19,2,34.6,23.1,0.0,arquivo
2026-09-17,2026-09-20,3,36.1,23.7,0.0,arquivo
2026-09-18,2026-09-19,1,34.3,22.5,0.0,arquivo
2026-09-18,2026-09-20,2,36.0,24.1,0.0,arquivo
2026-09-19,2026-09-20,1,35.3,23.6,0.0,arquivo
2026-09-21,2026-09-22,1,34.8,23.6,4.4,ao_vivo
2026-09-21,2026-09-23,2,31.2,21.8,1.0,ao_vivo
2026-09-21,2026-09-24,3,33.2,19.6,0.8,ao_vivo
2026-09-21,2026-09-25,4,33.0,20.3,0.9,ao_vivo
2026-09-21,2026-09-26,5,36.5,21.8,0.0,ao_vivo
2026-09-21,2026-09-27,6,37.4,24.4,0.0,ao_vivo
